channel,variant,precision,recall,f1,false_alarm_rate,tp,fp,fn,tn
P-1,No IF (raw thresholded error),0.0,0.0,0.0,0.04215547247647286,0,327,748,7430
P-1,With IF,0.08875177978168011,1.0,0.16303400174367916,0.9900734820162433,748,7680,0,77
S-1,No IF (raw thresholded error),0.0,0.0,0.0,0.0,0,0,447,6884
S-1,With IF,0.051694673882084874,0.8120805369127517,0.09720176730486008,0.9673155142359093,363,6659,84,225
E-1,No IF (raw thresholded error),0.0,0.0,0.0,0.0,0,0,506,8010
E-1,With IF,0.06180788050476436,0.9486166007905138,0.1160541586073501,0.9096129837702871,480,7286,26,724
A-1,No IF (raw thresholded error),0.0,0.0,0.0,0.17858812529219262,0,1528,84,7028
A-1,With IF,0.010372931588046431,1.0,0.020532877047176726,0.9366526414212248,84,8014,0,542
M-1,No IF (raw thresholded error),0.0,0.0,0.0,0.1802990325417766,0,205,1140,932
M-1,With IF,0.5008787346221442,1.0,0.6674473067915692,0.9991204925241864,1140,1136,0,1
T-1,No IF (raw thresholded error),0.18775510204081633,0.08996088657105607,0.12163948876156898,0.08434586041254592,138,597,1396,6481
T-1,With IF,0.17812354853692522,1.0,0.3023851764242066,1.0,1534,7078,0,0
C-1,No IF (raw thresholded error),0.0,0.0,0.0,0.0,0,0,310,1954
C-1,With IF,0.12511332728921123,0.8903225806451613,0.21939586645468995,0.9877175025588536,276,1930,34,24
D-1,No IF (raw thresholded error),0.9996665555185061,0.9201964395334561,0.95828671887486,0.00019043991620643687,2998,1,260,5250
D-1,With IF,0.42778361344537813,1.0,0.5992275151738091,0.8299371548276518,3258,4358,0,893
